Symbol	C-score	Rank_by_C-score	B-score	OMIM_IBD	OMIM_CRC	CIPHER_IBD_rank	CIPHER_CRC_rank
UBC	0.962142857	1	0.17384793				
JAK2	0.915	2	-0.59973289	YES		43	
IFNG	0.857142857	3	-0.49971577	YES			
STAT3	0.850714286	4	-0.27766577	YES		31	985
GRB2	0.81	5	-0.45434058			271	
JAK1	0.66	6	-0.52354659			69	
TP53	0.645	7	0.68397153		YES	314	172
JAK3	0.550714286	8	-0.49979007			570	
MYC	0.540535714	9	0.5859568				15
HRAS	0.54	10	-0.052632685		YES		51
PIK3CD	0.514285714	11	-0.19986941				
AKT1	0.49125	12	0.1723351		YES	249	
SRC	0.49125	13	-0.48366375			58	959
MDM2	0.45	14	0.7774347				53
BRCA1	0.440892857	15	0.63604393			319	91
IL2RA	0.428571429	16	-0.076882864				
PIK3CA	0.428571429	17	-0.33316118		YES		4
CBL	0.411964286	18	-0.63608853			970	
VAV1	0.405	19	-0.38437767			666	
PTPN11	0.392142857	20	-0.17639727			118	
MAPK1	0.386785714	21	-0.043456345			329	539
CDKN1A	0.386785714	22	0.63606375			693	36
RAC1	0.372321429	23	1.11E-05			244	
EGFR	0.372321429	24	-0.23795427		YES	726	
ESR1	0.372321429	25	0.21726811			260	272
PIK3R1	0.364285714	26	-0.28558168			63	114
CCND1	0.350357143	27	0.66631682		YES	927	19
RELA	0.342857143	28	-0.22205689	YES		517	
EP300	0.34125	29	0.44423774		YES		295
RB1	0.332678571	30	0.85682457				206
CBLB	0.332678571	31	-0.64678971				
CREBBP	0.332142857	32	0.56491544			245	316
SYK	0.312857143	33	-0.52911986			337	
INSR	0.3	34	-0.11104204				
NFKB1	0.3	35	-0.29388943	YES		858	
ABL1	0.295714286	36	2.14E-05			654	608
JUN	0.295714286	37	0.2379733	YES		188	277
IL2	0.293035714	38	-0.37476576			826	
HDAC1	0.293035714	39	0.72391348				
BIRC5	0.291428571	40	0.53803464				
HCK	0.273214286	41	-0.23075738				
IL6	0.273214286	42	-0.26297019	YES			
SMARCA4	0.273214286	43	0.52916412			533	20
LCK	0.273214286	44	-0.47341398			87	456
DAPP1	0.259285714	45	-0.33345535				
CDC42	0.259285714	46	0.33305795				
CRK	0.259285714	47	-0.33320005			725	
PIK3AP1	0.259285714	48	-0.000283135				
HSP90AA1	0.258214286	49	-0.09082653				
PIK3R3	0.257142857	50	-0.28561025				12
FYN	0.257142857	51	-0.5997233			184	
IL3RA	0.257142857	52	-0.25000307				
FGR	0.257142857	53	-0.25004053				
FOS	0.253392857	54	0.090857873	YES			
PGR	0.253392857	55	0.076911242				
MAPK3	0.253392857	56	-0.1763544				
TYK2	0.235714286	57	-0.78923218	YES		231	
SHC1	0.233571429	58	-0.38439422			290	
IRS1	0.233571429	59	-0.38431739			402	
PLCG1	0.233571429	60	-0.42835318			633	
STAT1	0.222857143	61	-0.68374098			127	
INPP5D	0.214285714	62	-0.38444032			401	
PIK3CB	0.214285714	63	-0.19988007			83	604
PIK3R5	0.214285714	64	-0.28558067				
PIK3R2	0.214285714	65	-0.24992503			863	
CBLC	0.214285714	66	-0.73319288			446	
CSF2RB	0.214285714	67	-0.11117771				
SOS1	0.21375	68	-0.4663593				
BTK	0.21375	69	-0.3330835			360	
KIT	0.21375	70	-0.16659449				
SP1	0.204642857	71	0.59967415			436	79
IGF1R	0.193928571	72	0.23053392				
PIK3CG	0.192857143	73	-0.23057056				
STAT5A	0.186428571	74	-0.59946842			119	
CSF1R	0.174107143	75	0.33282272				
INS-IGF2	0.174107143	76	0.17633158				
PLCG2	0.174107143	77	-0.33328147				
KDR	0.174107143	78	-0.09086615		YES		
MET	0.174107143	79	0.090818265				
PTPN6	0.171428571	80	-0.78919785			176	
NRAS	0.171428571	81	-0.49961279		YES		242
CD4	0.171428571	82	-0.63577076				
ITGB2	0.171428571	83	-0.14287342			750	
FLT1	0.154285714	84	0.11094089				
PDGFRA	0.154285714	85	-0.000139868				
BCR	0.154285714	86	-0.24974401				
CD19	0.154285714	87	-0.14295496	YES			
MCM7	0.15	88	0.71385337				
ATM	0.15	89	0.76446718		YES	247	238
HGF	0.15	90	-0.33280088	YES			
ADAM15	0.15	91	-0.33322227			454	
MCM3	0.15	92	0.79959819			438	
RAD51	0.15	93	0.74964083				210
BCL2L1	0.15	94	-0.45405998				
ERBB2	0.15	95	0.11105065		YES	502	
IL4	0.15	96	-0.45421179				
VAV2	0.15	97	-0.59973612			953	
RFC4	0.15	98	0.99931479				
MRE11A	0.15	99	0.77770116				
PRKCD	0.15	100	-0.11103465			448	855
IRS2	0.15	101	-0.19994403				986
RAD50	0.15	102	0.77767402				825
CD3E	0.15	103	-0.63616202			375	
ERBB4	0.134464286	104	0.14260032				
MYOD1	0.134464286	105	0.55501288				229
BLNK	0.134464286	106	-0.59980007				603
EGF	0.134464286	107	-0.1998641				
NFATC2	0.134464286	108	0.33301153				
FOXO1	0.134464286	109	0.3842961				805
HDAC3	0.134464286	110	0.38437531				
CD79B	0.134464286	111	-0.000524339			56	426
MAPK14	0.134464286	112	-0.066606274				
PTGS2	0.134464286	113	0.33305579		YES		725
ITGAM	0.128571429	114	-0.42824926				
SOCS1	0.128571429	115	-0.7328598			277	
IL2RB	0.128571429	116	-0.090874403			123	
CDKN1B	0.128571429	117	0.55520142			554	
RAC2	0.128571429	118	-0.19971247				
CD86	0.128571429	119	-0.14265739				
CSK	0.128571429	120	-0.5552101				
PDGFRB	0.128571429	121	-0.16657784			827	452
OCRL	0.128571429	122	0.19979216				
CDH1	0.114642857	123	0.49955039	YES			
PRL	0.114642857	124	-0.19982817				
DNM2	0.114642857	125	0.33257864				
BCAR1	0.114642857	126	-0.24990943			451	
FGFR2	0.114642857	127	0.33272309				
NTRK1	0.114642857	128	0.71342125				
SYNJ1	0.114642857	129	0.19957637				
SYNJ2	0.114642857	130	0.19957629			197	
NCK1	0.114642857	131	-0.25003118			281	
NR3C1	0.107142857	132	-0.16644603			224	771
CRKL	0.107142857	133	-0.49951922				
CEBPB	0.107142857	134	0.24978773			684	38
IL10	0.107142857	135	-0.24972844	YES		2	
BAX	0.107142857	136	0.39961241		YES		
IL1B	0.107142857	137	-0.45413754	YES		933	
PRKCA	0.107142857	138	-9.99E-05				
RAC3	0.107142857	139	-0.1997403				
IGF1	0.107142857	140	0.24976423	YES			
CCND3	0.107142857	141	0.49973763				530
YES1	0.107142857	142	-0.199968				
FLT3	0.107142857	143	-5.00E-09				
PTK2	0.107142857	144	-0.2725357			98	652
MAPK8	0.107142857	145	0.38424765			307	451
PIAS4	0.094821429	146	0.14284488				992
PIAS1	0.094821429	147	-0.14256363			620	377
PXN	0.094821429	148	-0.74917592				
MAPK11	0.094821429	149	-0.090805056				
RET	0.094821429	150	0.24960666				
NCOA1	0.094821429	151	0.24989071				
CD79A	0.094821429	152	-0.000424379			66	
MTOR	0.094821429	153	0.39963036				
APP	0.085714286	154	0.33277879				
MAPK9	0.085714286	155	-0.4278826			821	81
CD3G	0.085714286	156	-0.42844901				
STAT6	0.085714286	157	-0.7136211			713	
ANXA1	0.085714286	158	0.33202598			939	
CD3D	0.085714286	159	-0.42815554				
CTLA4	0.085714286	160	-0.99880167				
NOTCH1	0.085714286	161	0.73276928				
NGF	0.085714286	162	0.090800106				
EDN1	0.085714286	163	-0.11097792				
GNG2	0.085714286	164	-0.14290195				
SOCS3	0.085714286	165	-0.80924995	YES			
KITLG	0.085714286	166	-0.14273889				
IFNGR1	0.085714286	167	-0.59962426				
IL1R1	0.085714286	168	-0.33282281	YES		79	220
PTPN1	0.085714286	169	-0.33305952			392	
AR	0.085714286	170	0.49957121			437	320
PTEN	0.085714286	171	-0.19969632		YES	890	
SGMS1	0.085714286	172	-0.59988795				
CSF2	0.085714286	173	-0.090816609				
PIAS3	0.075	174	-0.49866555				
BARD1	0.075	175	0.66626697			690	196
APTX	0.075	176	0.000849068				
CIB1	0.075	177	-0.33242298				
EZH2	0.075	178	0.59949669				
H2AFX	0.075	179	0.71374742				
PLK1	0.075	180	0.99900103				957
TFRC	0.075	181	0.000498459				
PIAS2	0.075	182	0.000224484			866	
PCNA	0.075	183	0.72699636				
CTNNB1	0.075	184	0.59952035		YES	425	26
CD2AP	0.075	185	-0.00052409				
SMAD2	0.075	186	0.88841627			833	477
SMAD3	0.075	187	0.83281841			859	47
RANGAP1	0.075	188	0.99880266			359	920
SMAD4	0.075	189	0.89953869		YES	630	747
MAP3K11	0.075	190	-0.33238043			96	
CSNK2A1	0.075	191	0.42815561			417	
CSN1S1	0.075	192	-0.33209273				
RUNX2	0.075	193	0.59889027				967
MAX	0.075	194	0.77717334			397	807
ABCC2	0.075	195	-0.000798527				
MCM2	0.075	196	0.71414691				542
IRF9	0.075	197	-0.59920109				
CXCL12	0.064285714	198	-0.59903363				
CASP9	0.064285714	199	0.33301154				
IL12B	0.064285714	200	-0.77730892	YES			
EPO	0.064285714	201	-0.33294491				
PRKCZ	0.064285714	202	-0.16654177				
IL18	0.064285714	203	-0.33304476	YES	YES		
EDNRA	0.064285714	204	-0.00037421				
FCER1G	0.064285714	205	-0.33321117			801	
TIAM1	0.064285714	206	-0.000266373				
AKT2	0.064285714	207	0.49948804		YES		
IL5	0.064285714	208	-0.49943181	YES			
GAB1	0.064285714	209	-0.20008784			618	
VCAM1	0.064285714	210	0.14257181	YES			
GNAI2	0.064285714	211	-0.000149783				
NFKBIA	0.064285714	212	-0.27243004			520	
GNAO1	0.064285714	213	-9.99E-05				
YWHAZ	0.064285714	214	0.71327497				
ZAP70	0.064285714	215	-0.33336654				
SH3KBP1	0.064285714	216	-0.59923311				34
SOCS2	0.064285714	217	-0.83312778				
LAT	0.064285714	218	-0.19981626				
CASP3	0.064285714	219	0.24986414				489
ITK	0.064285714	220	-0.33345535			270	
IL11	0.042857143	221	-0.33300059				
GPR65	0.042857143	222	0.99730545				
RRAS2	0.042857143	223	0.33264537			479	814
RRAS	0.042857143	224	-0.000399244				
JUNB	0.042857143	225	0.33285624			139	164
CD28	0.042857143	226	-0.20018379			950	
SIRT1	0.042857143	227	0.4994756				467
KNG1	0.042857143	228	4.99E-05				
KHDRBS1	0.042857143	229	-0.99767243				
GP6	0.042857143	230	-0.49986248			368	
IRS4	0.042857143	231	-0.000299486				28
IL23R	0.042857143	232	-0.7138085	YES		17	
LCP2	0.042857143	233	-0.99870211			712	
IRF1	0.042857143	234	0.19964869				
LMO4	0.042857143	235	-0.33278966				
RHOG	0.042857143	236	0.33253452			944	
SOCS4	0.042857143	237	-0.81798841				
CHRM1	0.042857143	238	0.33260101				
GNB4	0.042857143	239	0.33275593				
GRP	0.042857143	240	0.49891461				
MAP2K1	0.042857143	241	-0.16655563				688
INPP5B	0.042857143	242	-0.000274748				
MPO	0.042857143	243	-0.5995204				
PIKFYVE	0.042857143	244	0.33264536				
GSK3B	0.042857143	245	0.86620112				43
MUC1	0.042857143	246	0.14266149	YES			
NDN	0.042857143	247	0.33284553				
INPP4B	0.042857143	248	0.99621031				
IL23A	0.042857143	249	-0.71371067			18	
CD69	0.042857143	250	-0.33328879				
WAS	0.042857143	251	-0.99701014				
VEGFA	0.042857143	252	0.076853311				
GNA15	0.042857143	253	0.33237976				
H3F3B	0.042857143	254	0.49889005				
VAV3	0.042857143	255	-0.9962212				
CUL1	0.042857143	256	0.86627483				
GHR	0.042857143	257	-0.99824306				
NTSR1	0.042857143	258	0.99806956				
DNM1	0.042857143	259	-0.000374303				
UGCG	0.042857143	260	-0.59986398				
CCNK	0.042857143	261	0.49951316				
TYROBP	0.042857143	262	-0.66625031				
P2RY2	0.042857143	263	0.3319804				
AKT3	0.042857143	264	0.66595087				
CCR5	0.042857143	265	-0.71360884				
PDGFB	0.042857143	266	-0.42820858				
DNMT1	0.042857143	267	0.59913749				609
TRAF2	0.042857143	268	-0.24972215			490	
TLR3	0.042857143	269	-0.24995937			883	
CD5	0.042857143	270	-0.99800448				
FLT4	0.042857143	271	-0.000249643				
TERT	0.042857143	272	0.59951643			65	344
PIP5K1B	0.042857143	273	-0.000274723				
PIP5K1C	0.042857143	274	0.19952858				
PIP4K2A	0.042857143	275	0.33251207				
STAM2	0.042857143	276	-0.14273073				
PPARG	0.042857143	277	0.77696135		YES		
TSLP	0.042857143	278	-0.49960028			37	862
XCR1	0.042857143	279	0.33213544				
SRF	0.042857143	280	0.19967256				
F2RL2	0.042857143	281	0.49871463				
IL18RAP	0.042857143	282	0.9958136	YES		153	685
EFNA1	0.042857143	283	-0.20004786				
PRKCI	0.042857143	284	-0.14268591				
HIF1A	0.042857143	285	0.33305955				188
EIF2AK2	0.042857143	286	0.33255751			135	378
PTAFR	0.042857143	287	0.33224683				
ERBB3	0.042857143	288	0.19959272		YES		
SPI1	0.042857143	289	0.19986417				
EPOR	0.042857143	290	-0.99808363				
IL12RB1	0.042857143	291	-0.74951595	YES		34	
SMPD1	0.042857143	292	-0.71406126				
EGR1	0.042857143	293	0.66555188				376
PREX1	0.042857143	294	0.33271167				
BCL3	0.042857143	295	-0.19953688	YES			736
AGTR1	0.042857143	296	0.33200328				
BCL6	0.042857143	297	0.000116466				
EPB41L1	0.021428571	298	0.99760536				
EPHA2	0.021428571	299	-0.19958476				
EPHB1	0.021428571	300	-0.000399346				
EPHB2	0.021428571	301	-0.000424249				
NPS	0.021428571	302	0.99700776				
ETS1	0.021428571	303	0.33265674				
EFNB1	0.021428571	304	-0.20004786				
F2R	0.021428571	305	0.99773891				
NMS	0.021428571	306	0.99710626				
EDNRB	0.021428571	307	0.33244669				
F2RL1	0.021428571	308	0.99641212				
EDN3	0.021428571	309	0.99680882				
EDN2	0.021428571	310	0.33284543				
F2RL3	0.021428571	311	0.99730545				
LPAR2	0.021428571	312	0.33218031				
LPAR1	0.021428571	313	0.33218042				
UTS2B	0.021428571	314	0.99730545				
FGFR1	0.021428571	315	0.42791099				
TRAT1	0.021428571	316	-0.49987498			47	552
FGFR3	0.021428571	317	0.59904134		YES		
FIGF	0.021428571	318	-0.000398654				
PI4K2A	0.021428571	319	0.99601451				
QRFP	0.021428571	320	0.99730545				
DOK2	0.021428571	321	-0.33339985				
FOXM1	0.021428571	322	0.49932625				
FPR2	0.021428571	323	0.99710626			674	
GAST	0.021428571	324	0.99852206				
DNM1L	0.021428571	325	0.33264575				151
GCG	0.021428571	326	0.9975397				
DNM3	0.021428571	327	0.33257851				
ABCA1	0.021428571	328	-0.19957667				
PIP5KL1	0.021428571	329	0.33271162				
ADRA1D	0.021428571	330	0.99730545				
ADRA1B	0.021428571	331	0.33257879				
GCGR	0.021428571	332	0.99700746				
GHSR	0.021428571	333	0.99730571				
CTSB	0.021428571	334	-0.3325572				
GNA13	0.021428571	335	0.99800347				
GNA14	0.021428571	336	0.33237976				
BDKRB2	0.021428571	337	0.99641352				
GNAI1	0.021428571	338	0.49931321				
GNAI3	0.021428571	339	0.49931321				
CSF3	0.021428571	340	2.49E-09	YES		657	
GNB1	0.021428571	341	0.33273377				
CSF2RA	0.021428571	342	-0.33321117				
GNB2	0.021428571	343	0.33273377				
GNB3	0.021428571	344	0.33277815				
ADIPOR2	0.021428571	345	-0.000199496				
ADIPOR1	0.021428571	346	-0.000249379				112
PIP4K2C	0.021428571	347	0.33257849				
GNB5	0.021428571	348	0.33260064				
NPSR1	0.021428571	349	0.99690774				
GNG10	0.021428571	350	0.33275593				
GNG11	0.021428571	351	0.33277815				
BDKRB1	0.021428571	352	0.99710641				398
INPP5E	0.021428571	353	0.33268939				
MCHR2	0.021428571	354	0.99710626				
GNG3	0.021428571	355	0.33273377				
P2RY10	0.021428571	356	0.99730545				
CIDEB	0.021428571	357	0.99720582			587	475
CHUK	0.021428571	358	-0.11093599	YES		892	
GNG8	0.021428571	359	0.33277815				
GNG12	0.021428571	360	0.33273389				
CHRM3	0.021428571	361	0.99700775			341	232
GNG4	0.021428571	362	0.33277815				
ADAM17	0.021428571	363	0.33286747				
GNG5	0.021428571	364	0.33273377				
GNG7	0.021428571	365	0.33277815				
GNGT1	0.021428571	366	0.33277815				
GNGT2	0.021428571	367	0.33273377				
GNRH1	0.021428571	368	0.19964055				
PLCZ1	0.021428571	369	0.3326673				
GNRH2	0.021428571	370	0.99710677				
GNRHR	0.021428571	371	0.99710634				
CFLAR	0.021428571	372	-0.59860261				
GPRC6A	0.021428571	373	0.99730545				
PROK2	0.021428571	374	0.33235728				
PROK1	0.021428571	375	0.99710662				
CEBPD	0.021428571	376	0.49913933				193
RPS6KB1	0.021428571	377	0.33298936			463	
UTS2R	0.021428571	378	0.99730545				
CYSLTR2	0.021428571	379	0.99730545				
PI4K2B	0.021428571	380	0.99601173				
GPR17	0.021428571	381	0.99710626				
MCHR1	0.021428571	382	0.99710626				
MLNR	0.021428571	383	0.99720594				
TREM2	0.021428571	384	-0.33333317				
GPR4	0.021428571	385	0.99730545				
GPR132	0.021428571	386	0.9969102				
FFAR1	0.021428571	387	0.99730545				911
FFAR2	0.021428571	388	0.99730545				599
CYSLTR1	0.021428571	389	0.99730545				
NPFFR1	0.021428571	390	0.99730545				
KISS1R	0.021428571	391	0.99680737				
CDC37	0.021428571	392	0.14266148			579	
NMUR1	0.021428571	393	0.99710626				
GPR68	0.021428571	394	0.99730545				
PLCE1	0.021428571	395	0.499338				
PROKR1	0.021428571	396	0.99730545				
NPFFR2	0.021428571	397	0.99730545				
GRPR	0.021428571	398	0.99730545				
AMPH	0.021428571	399	0.33266757				
HCST	0.021428571	400	0.33257857				
H3F3A	0.021428571	401	0.19971252				
HCRT	0.021428571	402	0.99700717				
HCRTR1	0.021428571	403	0.99730545				
ANGPT2	0.021428571	404	0.33253507				
KAT5	0.021428571	405	0.2000159				
HTR2A	0.021428571	406	0.99730545				
HTR2B	0.021428571	407	0.99730545				632
HTR2C	0.021428571	408	0.99720579				
ICOS	0.021428571	409	0.33268946			697	
ID1	0.021428571	410	0.49922632				
IGFBP3	0.021428571	411	0.000249486				
NMUR2	0.021428571	412	0.99710626				
IL13	0.021428571	413	-0.33291174	YES			
RXRA	0.021428571	414	0.33288956				
IL21	0.021428571	415	-0.33313346			52	
IL3	0.021428571	416	-0.24966907				14
CCR3	0.021428571	417	-0.000847877				
IL4R	0.021428571	418	-0.49968781			809	
IL5RA	0.021428571	419	-0.49988746				
IL7	0.021428571	420	6.24E-05				
PLCB1	0.021428571	421	0.33249042				
IL8	0.021428571	422	-0.39958243	YES			
PROKR2	0.021428571	423	0.99730545				
ILK	0.021428571	424	0.66578461			362	
CCNA2	0.021428571	425	0.99943361				126
CCKBR	0.021428571	426	0.99730544				
CCKAR	0.021428571	427	0.99710677				
CCK	0.021428571	428	0.99660956				
QRFPR	0.021428571	429	0.99730545				
LPAR6	0.021428571	430	0.99730545				
INPP4A	0.021428571	431	0.99640936			110	165
INPPL1	0.021428571	432	-0.995918				
INSRR	0.021428571	433	0.33262307				
CASR	0.021428571	434	0.99601192				
ITPR3	0.021428571	435	-0.59937665				
KISS1	0.021428571	436	0.99850183				
CASP1	0.021428571	437	-0.59918492				
KLF5	0.021428571	438	0.59912155				
OPN4	0.021428571	439	0.99730545				
KPNA1	0.021428571	440	-0.99344041			196	
BRD7	0.021428571	441	0.33377693				8
LPAR3	0.021428571	442	0.33222472				
LTB4R	0.021428571	443	0.99700792				
SMAD7	0.021428571	444	0.42805786		YES		
GNG13	0.021428571	445	0.33277815				
HDAC9	0.021428571	446	0.59890605				
ARHGEF1	0.021428571	447	0.99710647			593	918
MLN	0.021428571	448	0.99730544				
MRAS	0.021428571	449	0.33251183				16
NGFR	0.021428571	450	0.42805781			396	
NMBR	0.021428571	451	0.99730545				
VIM	0.021428571	452	-2.50E-05				
VEGFC	0.021428571	453	-0.000448239				
NMU	0.021428571	454	0.997671				
NPFF	0.021428571	455	0.99730545				
NTS	0.021428571	456	0.99773772				
NTSR2	0.021428571	457	0.99730545				
OSM	0.021428571	458	0.33240243				
UTS2	0.021428571	459	0.99700718				
OXT	0.021428571	460	0.99710649				
OXTR	0.021428571	461	0.99700761				
P2RY1	0.021428571	462	0.99700715				
P2RY6	0.021428571	463	0.99730545				
TXK	0.021428571	464	0.33268946		YES	951	
TRHR	0.021428571	465	0.99700687				
TRH	0.021428571	466	0.99773764				
PDK1	0.021428571	467	0.33282285		YES		
PDPK1	0.021428571	468	0.33266783				
TOP1	0.021428571	469	0.33311155				
FASLG	0.021428571	470	-0.77703281			772	
TNFRSF10B	0.021428571	471	-0.33218021				
AVPR1A	0.021428571	472	0.99730545				
TIMP1	0.021428571	473	-1.66E-05				
TIAM2	0.021428571	474	0.33280093				
AVPR1B	0.021428571	475	0.99730545				
THPO	0.021428571	476	0.33253491				
PI4KA	0.021428571	477	0.99601173				
PI4KB	0.021428571	478	0.99581362				
ZEB1	0.021428571	479	0.33295619			813	72
TBXA2R	0.021428571	480	0.996808			922	333
TACR3	0.021428571	481	0.99730545				
TACR2	0.021428571	482	0.99730545				
TACR1	0.021428571	483	0.99680879				
TAC3	0.021428571	484	0.99730544				
TAC1	0.021428571	485	0.33235756				
PIP5K1A	0.021428571	486	0.33255718				
PIP4K2B	0.021428571	487	0.3324454				
PLAU	0.021428571	488	0.33257909				
BTRC	0.021428571	489	0.7770649				292
STK11	0.021428571	490	0.42815967			462	655
PLCB2	0.021428571	491	0.33249042				
PLCB3	0.021428571	492	0.33251254				
STAT4	0.021428571	493	-0.99908642	YES		897	
PLCB4	0.021428571	494	0.33253459				
PLCD3	0.021428571	495	0.3326673				
PLCD4	0.021428571	496	0.3326673				
PMCH	0.021428571	497	0.99710626				
PRKACG	0.021428571	498	0.49884004				
PRKCE	0.021428571	499	-0.33324448				
PTGER1	0.021428571	500	0.99730545				
PTGFR	0.021428571	501	0.99720662				
PTK2B	0.021428571	502	-0.55519039				
SOD2	0.021428571	503	-0.3320486				
FSCN1	0.021428571	504	0.000249205				
RACGAP1	0.021428571	505	0.000149686				
BCL2	0.021428571	506	0.11108396				
BRCA2	0.021428571	507	0.71382891		YES		769
SLC2A4	0.021428571	508	0.33266822				
RBX1	0.021428571	509	0.4993388				
SKP1	0.021428571	510	0.81767141				
RELN	0.021428571	511	-0.000398515				
SELE	0.021428571	512	-0.000274572				
CDIPT	0.021428571	513	0.99800259			864	
NOD2				YES		15	
CELIAC2				YES			
MEFV				YES			
IGHG3				YES			
IGLL2P				YES			
CD74				YES			
LCN2				YES			
PDZK1IP1				YES		21	
FHL2				YES			
MXI1				YES			
REG1A				YES			
S100A9				YES			
S100P				YES			
DEFA5				YES			
DEFA6				YES			
NDUFA13				YES		42	
MUC2				YES			
MUC4				YES			
MUC5AC				YES			
MUC5B				YES			
MUC12				YES			
MUC13				YES			
MUC17				YES			
MUC20				YES			
TNF				YES		532	
IL18BP				YES			70
CEACAM6				YES			
EREG				YES			
ATG16L1				YES			
GPBAR1				YES			
CSF1				YES		877	
CD14				YES		671	
PLA2G2A				YES	YES		
KLRB1				YES		848	
MADCAM1				YES			
FOXP3				YES			
NPL				YES			
CYLD				YES			
IRF8				YES			
CDH3				YES			
IBD2				YES			
IBD3				YES			
IBD4				YES			
IBD5				YES			
IBD6				YES			
IBD7				YES			
IBD8				YES			
IBD9				YES			
MUC3A				YES			
MST1				YES			
BSN				YES			
ABCB1				YES		322	
IRF5				YES		820	
TNFSF15				YES		838	
IL10RB				YES		4	
IL10RA				YES		1	
PHOX2B				YES			
NCF4				YES		189	
FAM92B				YES			
ARPC2				YES			
CCR6				YES			
IL18R1				YES		33	33
HERC2				YES			
IL17REL				YES			
NDUFB6				YES	YES		
IL17RE				YES			
CD276				YES			
FUT2				YES			
ABO				YES			
CCNY				YES			
GC				YES			
CRP				YES			
AGT				YES			
IL1RN				YES		39	150
NOD1				YES			
NKX2-3				YES			
PTPN2				YES		114	
IL1RL1				YES			
SLC9A4				YES			
CARD9				YES			
GPSM1				YES			
FCGR2A				YES		57	385
NLRP3				YES	YES		
CLEC7A				YES			
CUL2				YES			
PTPN22				YES		771	
MUC19				YES			
ICOSLG				YES		696	
IL26				YES			
IL27				YES			
UBE2L3				YES		695	
CDH17				YES			
SAA@				YES			
UPK3B				YES			
CDKN2A				YES			646
IL17A				YES	YES		
IKBKG				YES		782	
IKBKB				YES		148	
TNFRSF1A				YES		225	
HHLA1					YES		
ODC1					YES		
BRD4					YES		
TLR2					YES	773	
APC					YES		18
MCC					YES		
PTPN12					YES	678	
PDGFRL					YES		
RAD54B					YES		
TLR4					YES		
PTPRJ					YES		997
MLH3					YES		
BUB1B					YES		990
FLCN					YES		
AXIN2					YES		1
DCC					YES	452	78
AURKA					YES		327
FAP					YES		
MLH1					YES		659
MSH2					YES		
PMS1					YES		
PMS2					YES		
MSH6					YES		522
TGFBR2					YES		
MUTYH					YES		
CHEK2					YES		746
GALNT12					YES		
GREM1					YES		
POLD1					YES		103
POLE					YES		168
KRAS					YES		
BRAF					YES		
MYH11					YES		
PARK2					YES		
GCNT2					YES		
COX8A					YES		
SNORA62					YES		
TCF7L2					YES		
TET2					YES		
TET3					YES		
IGF2					YES		
RSPO2					YES		
RSPO3					YES		
NLRP6					YES		
IL22					YES	12	
HIC1					YES		
VTI1A					YES		
TCF4					YES		
SLC26A3					YES		
BLM					YES		110
NTRK3					YES		
FES					YES	966	
EPHA3					YES		
NTRK2					YES		
GUCY2F					YES		
AXIN1					YES		621
PDIK1L					YES		
PAK4					YES		
SERPINA1					YES	658	
POLI					YES	837	961
PTPRK					YES		
MT-CO1					YES		
PKHD1					YES		
ARID1A					YES		154
SOX9					YES		
AMER1					YES		
NAV2					YES		
TCF7L1					YES		
SLC22A4						3	
UCN2						6	
IFNL3						7	
IFNL2						8	
IFNL1						10	
IL22RA1						11	
IL22RA2						14	
NLRC4						16	
SLC22A5						20	
SLC26A6						22	
SLC22A12						23	
SLC17A1						24	
PDZK1						25	
ERBB2IP						26	775
RIPK2						27	
CARD6						28	
NLRP1						29	
IL1RAP						30	115
CLCN3						35	
SLC22A11						36	
STMN1						40	884
GATA2						41	256
UCN3						44	
NLRP4						45	
BHLHE40						46	785
SLC9A3						48	
TYRO3						50	582
SMARCE1						51	192
PTP4A1						54	37
A2M						59	
BMX						62	
FADD						67	
NMT1						70	
PRKDC						71	249
TUBB2B						72	
CELA1						75	
MME						76	326
RIPK1						77	
DDX54						80	588
PTPRA						81	
TRPC6						82	
MAP7						85	917
NUP85						86	116
PPP1R8						88	359
TUBA3D						90	
ADAM12						91	864
HSP90AA2						92	
IL1F10						93	243
DOCK1						95	
ASAP1						97	304
PTPRH						99	287
C11orf58						100	
TRPV4						101	
MAPK15						102	
IGHM						105	
ELMO3						108	
TRA						109	
C1QBP						112	
PTPRE						113	912
CNTNAP1						115	
IFNAR2						120	
F11R						121	
SH2D2A						122	717
ANKRD11						124	799
BAG2						125	
CSPG4						126	
ERAS						128	183
LIME1						129	
CD55						132	
RRAGD						133	
TAB1						134	
FGFR4						136	
GUCY2C						137	
CCR1						140	
NECAP2						141	
LAX1						142	
CD7						143	308
NIN						144	83
ARHGAP35						145	
SH3PXD2A						146	
MT-ND2						147	
CD97						149	
PTPN21						151	
TNFRSF14						152	
DGKA						154	
LRRC1						155	
PKN2						156	253
PTPN5						157	
LUC7L						159	527
TNFSF13						160	
SOCS7						161	626
SECTM1						164	325
C14orf166						165	90
GUCA2A						166	
GRIA1						167	
FLOT2						168	
GMFB						170	484
IL7R						171	
CEACAM3						173	
ZSCAN2						174	
MLLT1						175	490
GRIN2A						177	
TRD						178	
HIST4H4						179	
KCNB1						180	
AGAP2						181	425
ADD2						182	
CUL5						183	550
CLTC						185	
ZNF467						186	
CD48						187	
TRDMT1						190	
CSNK1A1L						191	
SORBS2						192	
IL6R						193	
UBR5						194	419
TRG						195	
ZC3H10						198	
HLA-DRA						199	
PLXNA1						200	954
TRAF4						201	
RPL5						202	712
PPARA						204	352
SUPT16H						205	606
DDIT3						206	437
KCNS3						207	
KCNG4						208	
KCNG1						209	
KCNG2						210	
KCNV1						211	
REPS1						212	
NUP62						213	
UBE2I						215	311
KCNB2						216	
DAPK1						220	
GMPPB						221	
HSPA5						222	
GAB3						227	
KIR2DL3						228	
BOK						230	55
EHMT1						232	
GNB2L1						233	
IL21R						234	
HSPA1L						235	
SKAP2						236	
MCMBP						237	469
STAC3						238	366
SIAH2						239	
CALCOCO2						240	
SEMA6D						241	
CD40						242	
PXDN						246	
FARP2						248	
RNF135						252	520
NUP43						253	
KCNG3						254	
KCNV2						255	
NUP93						256	
NUPL1						257	
GRB10						258	
SLC39A7						261	
NEU3						262	
KHDRBS2						264	991
RASA3						265	
PCGF1						266	
TGFA						267	
WEE1						269	35
EIF4EBP1						272	537
HNRNPD						273	250
ESR2						274	843
FCGR2C						275	
ATP2B4						276	
SFPQ						278	
AKAP8						279	128
CD82						280	
KCNF1						282	
EFS						283	
SPP1						285	
RHOU						286	
FCGR1A						287	
IRAK1						288	
DRD4						292	
TRIM38						295	
PPAP2B						298	
CPNE7						299	
TRIB3						300	919
HSPA6						301	
SDC1						302	
PLA2G4A						303	
ARL6IP5						304	
REPS2						306	
IRF2						308	
CTDP1						309	339
C1D						310	871
DBNDD2						311	
DTX3						312	774
METAP2						316	
RAE1						317	
IL2RG						318	
RPS27						320	
TNFRSF25						321	
FOXO3						323	545
MAGEA12						324	
NCBP2						325	628
EXOSC10						326	
GGA1						327	174
HSPA8						328	
ARNT						330	394
SMARCA2						335	758
SSRP1						336	675
CSNK1A1						338	280
SNAP91						339	
FCER2						340	
PDE3B						342	
RSL24D1						344	
EPS15L1						345	579
ATP6V1G1						347	
ADAM19						348	
CLINT1						349	
HTR3A						350	
ARMC7						351	
TMEM132A						352	
SHB						353	
RPS6KA4						354	
NUP50						355	
PRCC						356	93
ILF2						357	
LTA						358	
DPYSL5						361	
PLA2G5						363	
MICAL1						364	
PTMA						366	421
PHC1						367	149
FOXRED1						371	
SCRIB						372	
HSPA9						377	
MAP3K14						379	
MCL1						380	22
SIM1						381	430
AHRR						382	431
EPRS						384	
LRP1						385	
CD226						387	
TRPC4						388	
KPNA3						389	719
STRN						390	
SPPL2B						394	
DHPS						398	
RPS6KA5						400	
TNFRSF12A						403	
DNAJA3						404	
CAV1						405	
KPNA6						406	
SON						407	
PLAGL2						409	
PARD6G						410	
DNAJC1						411	
PTPN7						414	874
TRAF1						415	
MKNK1						416	
FMNL1						418	
PPP1CB						419	
CALD1						420	
RALGPS1						421	
XPOT						422	
TBK1						423	
STON1						424	
HEXIM1						426	289
DOK1						427	
STAT5B						428	
ADAP1						429	538
PCSK7						431	
NFATC3						432	620
NSMAF						433	
PSMA4						434	
PRKCQ						435	
BCL2A1						439	
BLOC1S1						440	
CYBA						441	
HLA-C						442	
DAD1						443	27
HLA-DMA						444	
RAB11FIP3						449	
ZCCHC4						450	
MAPK1IP1L						453	
NOLC1						455	600
CSRP2BP						456	686
DTX1						457	656
ARFIP2						458	
MAPK4						459	949
TDP2						460	
PPM1J						461	
CAMP						464	
SLC25A5						465	
LY6G6F						466	
MAP4K1						467	
CHEK1						468	191
RASGRF1						470	
CSNK1E						473	9
HNRNPK						474	
CD38						475	
DDX24						476	
PAEP						477	
DUSP1						478	
FAS						480	
ERP29						481	
PRKD1						482	
EIF5A2						483	
EPHA8						484	
COPS3						485	
IL9R						487	
MCAM						488	
AP3B1						489	
TRIM13						491	
FGL2						493	
SYP						495	
TCEA2						496	
CD46						497	
NKD2						498	
RHBDF1						499	
DNAJC10						501	
HTR1D						503	
KCNA5						504	
TSC22D3						505	808
PPARD						506	889
CD22						507	
MS4A1						508	
HDAC2						509	
DNAJC6						510	
EBI3						511	633
XK						512	
ICAM3						513	
SF3A3						514	
EPN1						515	666
EPPK1						516	
IQGAP2						518	
TGFBR1						522	
SOX4						524	768
DOCK8						525	
RGS16						526	
EEF1A1						527	
ELAVL1						528	
TOB1						529	622
PSMD2						530	
CHN2						531	
AP1S2						534	
COPS5						535	153
GRB7						536	
MEGF10						538	
MAL2						539	
SNAPIN						540	
CDC37L1						541	
EIF2AK1						542	5
SORBS3						544	875
SLC18A2						545	
CKB						546	
ZNF646						547	
ST13						548	
DPH1						549	996
RPL23						551	
ZNF451						552	375
TOMM34						553	
NCF2						556	
GGA3						557	
HLA-DRB5						558	
HSF1						559	
SMARCA5						560	838
IGJ						561	
MTA3						568	
CD59						571	
CNN3						572	
RCC1						574	529
NMI						575	
TRRAP						577	132
GZMB						578	
SMARCD1						581	
LLGL1						582	
ICAM2						583	
POLR2M						584	113
C18orf25						585	839
STRA13						588	846
KCNK1						589	844
NUDCD3						590	845
SERPINB1						594	
TRAF6						595	
CHRM4						597	
CHMP1A						598	876
NOTCH2NL						599	
TUBB6						600	
MTFMT						602	
VPS52						603	
FGF19						606	
AKAP13						607	
HIST3H3						608	
DFFA						609	393
SPAG9						610	312
CD300LF						611	
CAMKV						613	
BID						615	
RNF7						616	
HLA-DRB1						617	
AP2B1						619	370
MKL1						623	
TOMM70A						625	
PELI3						626	
NAP1L4						628	887
TMEM203						629	
VAMP4						631	
CD72						632	
CDC25C						634	145
LY6G5B						635	246
PTPRR						636	754
TCERG1						637	
ATP6V1E1						638	
CTAG1B						639	
CLTA						640	
IFIT3						641	
MAD2L2						644	54
RPS3A						645	
RPS17						646	
SF3A1						648	163
HLA-DOA						649	
TLK1						650	
IFIT2						652	
AK8						653	
KPNB1						655	
SHCBP1						660	
SELL						661	
DUSP6						663	
COPS6						665	
MATK						667	
TSN						668	
UBA52						669	
MCF2L						670	
FXR1						673	
AP2S1						676	
ARF1						677	700
EEF2K						679	691
CHKA						680	593
HLA-DRB4						681	
TP53BP1						682	235
CCAR2						683	
SNIP1						687	728
ECSIT						689	
UNK						692	998
CFDP1						694	155
SLC25A3						698	
QTRT1						699	
PPP1R1B						703	860
ELK3						704	341
DUSP3						706	
ICAM1						707	
LTK						708	
HNRNPF						709	
XBP1						711	613
EP400						715	152
FZR1						716	342
IMPDH2						717	
CSH2						718	983
TBC1D3						719	
CAPN9						720	65
CAD						722	
PGAP3						723	
KAT2B						724	317
ME3						727	
IL15RA						728	
TRIM8						729	
SF3B2						730	157
STAG2						732	866
BIRC3						733	
TNFSF14						734	
NUP88						735	
DNAJA1						739	
ZUFSP						740	
UBE2R2						741	857
GSTP1						742	
YBX3						743	
AP3S1						744	
SLC27A6						745	
ATP1A1						746	
LYN						747	
PRPF18						749	
S100A7						751	
RNF5						754	
DCAKD						755	
ATF7						756	279
HDLBP						757	
VPREB3						758	
CSE1L						759	
HNF4A						762	
STMN2						763	354
KLF1						764	459
AQP4						767	
RASD2						769	10
PLK2						770	
TNIP1						774	973
RPF2						775	
NCKAP1						776	
UBA3						777	914
CD47						778	
INMT						779	
CUL4A						780	167
GUCY1B3						781	
AHSA2						786	
MAP3K8						787	
NUP214						788	
UBE2J1						790	
HLA-DMB						791	
CCT7						792	
HMGA2						793	
LTBR						794	
PGLS						795	
SKAP1						796	
BCMO1						799	
USP11						802	
SH2D3C						803	
SH3BP1						805	
TLN1						806	
FAF1						807	
SPRY1						808	
XRCC6						811	922
CSNK2A2						814	
CDY1						815	
DDX5						816	390
ATF2						817	49
B2M						818	
NOX1						819	
TPPP3						822	
UBE2D2						823	
RGS13						824	399
RB1CC1						825	
AP3M1						828	
GORASP1						829	257
PPP1CA						830	171
IFNAR1						831	
CCDC33						832	
ZNF593						834	
SSR4						835	
RAF1						840	524
PLSCR3						841	
TCF20						842	547
HGS						843	892
AIFM1						845	
TRPC4AP						846	
KLRAP1						847	
CUZD1						849	
CLEC4A						850	
RPL14						851	
SLA						852	
SSTR2						853	
DUSP7						855	
PGD						861	
CDC34						865	436
BCL10						867	
ACVR1B						868	
DNAJC2						869	
RPRD1B						870	536
DDX21						871	873
RHOJ						872	
FYB						873	
MDC1						874	95
STUB1						875	
RGS14						876	
POLR2I						878	
CMC4						881	
HN1						885	
ARHGEF11						886	
CAMK2D						887	
HNRNPH1						888	
ADRB2						889	
MBIP						893	689
LILRB2						894	
SUPT5H						895	
PSMD1						896	
IGSF8						898	
UBB						899	
FABP5						900	
ORC5						901	598
EIF5						902	
CD34						903	
IL27RA						904	
HOXA9						905	
DDX19B						906	
MYL12A						908	
RAB34						912	
KIF1C						913	
FIGNL1						915	
NEK2						916	868
UBA2						917	
LTB						918	
PSMD11						919	
NME2						920	
HLA-DOB						921	
HOOK2						923	
SATB1						924	367
RAD21						925	
GIGYF2						926	
TTC4						928	
IPO8						929	
ARF6						930	
SARS						931	
LRRC59						932	
DPYSL3						934	
DPYS						935	
USP8						937	
TRMT6						940	
DNAJA4						941	
HSPA2						942	
RIT1						943	299
MED15						947	
HSF4						948	
XPO1						949	
ITIH4						952	
GABRB3						955	543
RAD9A						956	
LHX1						957	
PDIA3						958	
EID2						959	711
HSPBP1						960	
RPS16						962	
ARHGDIG						963	
PAK7						964	
AKAP12						965	
DDX17						969	798
DERL2						971	
DERL3						972	
UXS1						973	
CCDC88A						975	
THEM4						976	
TCL6						977	
DLC1						978	
DVL1						979	361
CD40LG						980	
STK11IP						981	
SLC1A5						983	
HINFP						984	
RBL1						986	31
PLSCR1						987	
SSB						988	923
WBP11						989	
KIFC1						990	440
HNF1A						991	
CBX8						992	
BUB1						994	202
PSG9						995	
WARS						996	
PPP1R2						997	227
DUSP10						998	
RSRC1						999	
NFATC1						1000	
ANKRD6							2
GABRB1							6
TFAP2A							11
TICAM1							13
E2F1							17
MDM4							21
E4F1							23
PIK3R4							24
SMARCB1							25
POLA1							30
NFYC							32
CDK4							39
BRD2							40
APPL1							42
SP2							45
TOPBP1							46
NPDC1							48
PHB							50
RBBP8							56
PARP10							57
ITFG1							58
MINA							59
TFDP1							60
PRKRA							61
MNDA							63
PRKRAP1							67
TGIF2							68
CDK2							69
BRWD1							71
FRAT1							73
CDK9							74
CDK6							76
RBBP4							77
SP4							80
CTBP1							84
SNAI1							86
ARHGAP27							89
HELB							96
TMED1							97
IL37							98
ZDHHC4							99
JPH3							100
ZNF329							101
SAP130							102
BRF1							104
CDC20							105
FRAT2							106
TPPP							107
CABYR							108
E2F4							109
PLAG1							111
UPF3A							117
NDC80							120
PML							121
SP3							122
TOP2A							123
CBX4							125
CCNA1							127
E2F6							129
MYOCD							130
HERC5							133
IFITM2							135
RNF111							136
RBMS1							137
PRDM4							139
ST6GALNAC2							140
MTF2							141
BUB3							143
C10orf54							144
RBL2							147
MTBP							148
CKS1B							156
MNAT1							159
PCDH1							160
RBBP7							161
WRN							162
CDKN2C							166
AGER							170
ECD							173
CCNG1							175
ORC4							176
RYBP							177
KDM2A							179
CDC25A							180
ZMYM6							181
CTDSPL							182
RPA3							185
HIST2H3C							186
ATF7IP2							189
DEK							190
APLP2							195
TP73							197
YBX1							198
ANAPC10							199
MYO5B							205
CCNDBP1							209
GRIN2B							212
GSTM2							213
CDK20							215
CCNB3							216
SPDYA							217
CCP110							218
ACTL6B							219
CCND2							221
FOXP1							224
ACLY							225
NCL							228
HBP1							230
MBD1							231
ETV1							236
IFI16							237
PURA							240
RPA1							241
ORC1							244
PTGES2							245
WDR62							247
ELF1							252
POLL							254
CUL3							255
BATF3							258
FOXP4							261
FOXP2							262
GSTM3							263
ANO8							265
SGK3							266
TFDP2							267
EIF2A							268
CDC6							269
CUX1							270
GTF3C5							271
AP1B1							273
PIGT							274
ARID4A							276
STK19							278
RUNX3							281
YY1							282
FIS1							283
PRDM2							284
INSM1							286
TTC3							288
MORF4L1							290
PLK3							291
BDP1							293
EID1							294
HSP90AB1							296
E2F2							297
E2F3							300
GSC							301
BUD13							302
EIF3J							303
CEBPA							305
ZNF334							307
CREB5							309
SPATC1							310
MTA1							313
FOXO4							314
GNAQ							315
MAD2L1BP							318
RAPGEF5							321
CCNE2							322
KLF12							323
PRSS16							324
SERTAD1							328
ZNF148							329
IKZF4							330
SLC29A1							331
PRAME							332
SLC13A5							334
CHFR							335
MIS18BP1							337
POGZ							338
CEBPE							340
MORF4L2							343
ING1							345
USP4							346
PPP2CA							347
CDK2AP1							348
CDC27							349
PGAM5							350
DMTF1							353
SKP2							355
C7orf34							357
MAD1L1							358
CCNT2							360
TADA3							362
CIZ1							363
RNF144B							364
DBP							365
DFFB							368
SMC1A							369
CSNK2B							371
ENC1							373
CABLES1							379
ZNF24							380
PSMD9							381
IQGAP1							382
UBE2E2							383
THAP1							384
STK3							386
TK1							387
SPIB							388
ZNF83							391
PLAGL1							392
ATR							396
GALR2							400
NEDD8							401
ARID2							406
CAMK2N1							408
HIST2H4A							409
DLGAP1							410
PTTG1							411
GAL							413
STK4							415
GALR1							416
GPR151							417
SIAH1							420
ARHGEF4							422
GPS2							423
UBTF							424
CEP44							427
PTBP1							428
PELP1							433
BAG1							434
ING4							435
ECT2							438
BRAP							439
CDC40							441
FBXO5							442
AHR							443
GRIPAP1							444
CEBPG							445
LATS2							446
SAV1							448
TOP2B							449
RBBP9							450
PTCD1							454
C1orf123							457
AEBP2							460
KIFAP3							462
DUSP19							463
FRK							464
MYT1							471
NPAT							472
SAFB2							474
SUV39H1							476
MED23							478
AFF4							479
THOC1							480
RPA4							481
KLF4							482
RECQL							483
GTF3C2							485
KLF6							486
CDC45							488
SERPINB2							494
GOLGA2							495
RNF40							496
RGS18							498
TRIP11							499
SNAPC3							500
BNC2							502
LIN9							503
ARID3B							506
CDC5L							509
DHX38							510
MAPK10							511
BRDT							512
GPS1							515
MCM3AP							516
ATRIP							518
KPNA2							523
WDR33							525
ZBTB7A							526
ERH							528
ZSCAN32							531
PPP2R5C							533
GTF3C4							534
ETF1							535
NPM1							540
CDK2AP2							541
ADORA3							549
MRFAP1							554
S1PR2							556
PURB							557
S1PR3							558
PPP1R13L							559
SSX4B							560
VHLL							561
ZNF594							562
RFWD2							563
EVI5							565
NUDT5							566
TMEM216							567
ENY2							568
CDK1							569
MRFAP1L1							571
DMC1							575
UBE2A							577
S100A8							578
CXXC5							580
C1orf35							583
CEP55							584
POU4F1							586
SETD8							589
TRIM69							590
AHNAK							591
DPPA2							592
GRM2							594
MYCBP2							595
BRSK1							597
WWOX							605
EPN2							607
RCAN1							610
YRDC							615
CCDC106							616
THOC3							618
DHX8							619
POLR3C							623
GSTM4							624
HEYL							625
RHBDL3							627
LAMTOR3							631
PLRG1							634
HABP4							637
PTTG2							643
PAX5							644
SVEP1							645
CCL18							649
HIST1H3A							650
MECOM							651
MCM5							653
PDHX							657
HAND1							658
RBM23							660
ACIN1							662
SS18							664
CDC7							667
VSIG4							668
TAF9							669
GNL3							670
COX17							671
KLF10							672
COPS8							674
TOPORS							676
CHAF1B							677
ZMYM2							679
COPS4							682
TSG101							684
TFAP2C							687
COPS7A							690
MYCBP							692
EGLN2							694
GPR26							695
SAE1							696
TAF6							697
HIST1H2BG							699
RBM14							701
HAUS1							703
UNKL							704
PHB2							705
ZNF165							707
PTPN13							708
RRM2B							709
COG8							710
TSPAN15							713
RBBP5							714
THAP8							715
YLPM1							718
TGM2							720
ZCCHC10							722
SULT1E1							723
CD3EAP							726
TTF1							727
CABLES2							729
SLC30A9							730
CUL9							731
MRI1							732
ELL							733
CEBPZ							734
PNRC2							735
NELFB							737
DROSHA							739
ZNF384							740
MTA2							741
CIB2							742
BHLHE41							744
SF3B1							748
CDC16							750
MAATS1							751
ING2							755
NUP54							756
TSR2							760
RGS5							761
MN1							762
EMB							763
NEIL2							765
NEDD1							766
JMY							767
HTATSF1							776
CHD3							779
DVL2							781
RPS26							782
NQO1							784
FAM173A							786
TP53INP1							788
NUPR1							790
SSX1							791
BANP							792
PPP2R3A							797
MED17							800
SF3B6							801
SUZ12							803
CREG1							804
ATP6V0A1							806
KIAA0087							810
VRK1							811
FOXG1							813
CARM1							815
FOSB							818
CDC14C							821
SNRPN							826
TAF9B							827
SETD7							829
TREX1							831
CR2							832
BATF							833
VANGL2							834
SSTR3							835
ETV4							836
MCM10							840
KIF3B							842
ING5							848
LHX9							849
BCAS2							850
CCNE1							852
PSKH1							859
HDAC11							863
MAGEB18							869
ATF3							872
IKZF3							877
UBE2K							878
JUND							880
TBL1X							881
RIN1							883
SNAPC1							885
IFT20							886
STX5							890
PAFAH1B3							891
HECW2							894
RFX4							899
REXO4							900
NCOA7							902
TRIM59							904
LINC00312							905
RIPK4							906
ZNF398							907
POU4F2							909
HERC1							910
PPM1A							913
APEX1							915
MAPRE1							921
PCDHA4							924
TUSC3							925
KANK1							926
ID4							928
CASC5							930
PPP1R10							931
PPP1R11							932
CCDC181							933
PCDH7							934
PPP1R15B							935
CSRNP2							936
PPP1R2P9							937
PPP1R3B							938
TPRN							939
KIF18A							940
NOM1							941
PLCL2							942
XRCC1							943
RAD54L							947
TBL1XR1							948
SAP18							950
SH3GL1							951
HUS1							952
TAF1B							953
HIST1H1A							955
KIF20B							956
RPS7							958
RASGRP3							962
KDM5B							963
SNW1							964
TRAP1							965
TPI1							966
SPN							969
SREBF2							970
MIER1							972
CARF							974
CCNH							975
ZNF227							976
ZNF410							977
CCDC183							978
ANKRD12							979
ZFP91							980
TBRG1							981
NPPB							987
NEK11							993
COPS7B							994
HSF2							995
MAD2L1							1000
